word,freq
Afrique,896177
Allemagne,597511
Alors,541814
Amérique,481331
Après,580534
Au,419446
Aujourd,789645
B,481175
Belgique,502942
Bon,543695
C'',1577064343712
Ca,575405263251
Canada,1084367
Ce,591222556539
Ces,201220
Cette,659374
Chine,632239
Christ,591030
Comme,250343
Comment,197870
Conseil,1230737
D,526491162266
D'',95707
DE,749659
Dans,777943
David,504494
De,605670559647
Depuis,166836
Des,392512
Dieu,2853028
E,208703
Elle,829069292713
En,1335207589531
Et,1326452754742
Etat,1523165
Etats-Unis,663720
Europe,1659643
France,5412115
Français,743366
François,604552
Grand,596021
Il,2932476336480
Internet,2401007
Israël,578678
J'',1542230313209
Jacques,522075
Jean,1087636
Jésus,754668
Louis,499757
M,255127
Ma,166851
Mais,1117353
Marie,503592
Merci,335969
Michel,604200
N,277277
New,523396
Nicolas,568253
Nord,695801
O,186978
On,899445172246
Oui,326953
Paris,2267860
Paul,621301
Pierre,871326
Pour,1884431
Président,664136
Que,243777
Québec,805934
S,252028
Saint,621508
Sarkozy,509512
Seigneur,574174
Si,495169577125
Sud,54323996617
The,792834
Tout,98168
Un,817733
Une,662146
Voici,154978
Vous,1001218
Web,1106968
a-t-elle,137903
a-t-il,596703
ab,19596
abandonner,750066
abattre,243839
abondamment,48523
abondant,111018
abordable,132452
aborder,549810
aboutir,358865
abriter,222688
abruptement,4694
absence,827916
absent,202019
absolu,153558
absolument,743317
absorber,200741
absoudre,208907
absurde,103202
abuser,174513
abusivement,11987
académique,113413
accentuer,152009
acceptable,145798
accepter,1634315
accessible,514485
accessoire,121432
accessoirement,39782
accident,591626
accidentellement,22484
accompagner,1388345
accomplir,547854
accord,1113106
accorder,893632
accrocher,375782
accroître,219159
accueil,820340
accueillir,1037394
accumuler,208022
accuser,426560
accès,1515189
accéder,521260
accélérer,278621
achat,1144328
acheter,2211302
achever,349802
acide,99651
acquérir,842364
acte,1203708
acteur,1085698
actif,795580
action,2976414
activement,130179
activer,295409
activité,3099967
actualité,481458
actuel,1717322
actuellement,1174479
ad,80054
adapter,1272199
additionnel,93786
adhérer,205655
adjoindre,167972
admettre,539696
administratif,588841
administration,922937
administrativement,7996
administrer,149886
admirablement,24941
admirer,307244
adolescent,90324
adopter,848030
adorable,116885
adorer,1025026
adresse,900221
adresser,923111
adroitement,6867
adulte,283076
adversaire,619090
adverse,111922
adéquat,203171
adéquatement,20401
aequo,4641
affaire,2507741
affecter,474483
affectif,96421
affectivement,3634
affectueusement,12878
afficher,858316
affilée,25591
affirmatif,2369
affirmer,1068694
affreusement,14798
affronter,405577
africain,500907
agence,672647
agent,850216
agir,3594409
agiter,214152
agrandir,150810
agressif,176610
agressivement,4729
agricole,464201
agréable,694866
agréablement,53853
aide,2331195
aider,3036049
aigu,95693
ailler,185120
ailleurs,1413092
aimable,86575
aimablement,11590
aimer,5379818
ainsi,5819207
air,2403747
aisé,158107
aisément,149064
ajouter,2243449
ajuster,148450
al,159837
album,999708
alentour,19987
algérien,259595
alias,85244
aligner,174052
alimentaire,586161
alimentation,477998
alimenter,297896
allemand,630246
aller,19228310
allier,233012
allonger,254952
allumer,284915
allègrement,27896
allégrement,9398
alors,10390819
alternatif,244955
alternativement,63804
aléatoire,104405
aléatoirement,13560
amateur,525802
ambiance,662951
ambiant,105367
ambitieux,135506
amener,859657
amer,99063
ami,2990058372082
amical,189415
amicalement,59141
amour,1856311
amoureusement,12421
amoureux,382789
ample,104647
amplement,59909
amusant,181056
amuser,682239
amèrement,14543
amélioration,584032
améliorer,1220768
aménager,217097
américain,1400927
an,9495640
ana,8807
analyse,1113152
analyser,581343
ancien,2573704
anciennement,46638
and,804912
anglais,960869
animal,1074724337572
animation,528652
animer,687498
anniversaire,178410
annonce,759946
annoncer,1751599
annuel,530661
annuellement,50440
annuler,256591
année,8208080
anonyme,146334
anonymement,6844
anormalement,17896
anticiper,202825
antique,159053
antérieur,218814
antérieurement,27516
août,932596
apercevoir,611428
apparaître,1616387
appareil,1004361
apparemment,354436
apparent,151015
appartement,554512
appartenir,823832
appel,1482020
appeler,3019460
applicable,186711
application,1581012
appliquer,1241077
apporter,1908124
apprendre,2311867
apprentissage,515778
approche,837768
approcher,780050
approfondir,264468
approprier,361460
approprié,175221
approuver,315571
approximativement,41244
apprécier,1074868
apprêter,167493
appuyer,897310
apres,139040
après,630737
après-demain,6722
aprés,92210
apte,91939
aquatique,88972
arabe,474248
arbitrairement,16151
arbre,844011
architectural,100654
ardemment,23347
argent,2277220
arme,1169981
armer,299616
armé,171794
armée,871891
arrache-pied,6379
arracher,302265
arranger,273573
arriver,5261739
arrivé|arrivée,880951
arrière,25485173444
arrêt,649975
arrêter,2013407
art,1762230
article,3372990
articler,203155
artificiel,168792
artificiellement,25842
artisanal,101622
artisanalement,3077
artiste,951965184501
artistique,435383
artistiquement,7783
asiatique,159438
aspect,1011241
aspirer,181404
assassiner,154461
assemblée,738732
asseoir,804928
assez,3376681
assidument,3309
assidûment,8668
assimiler,167822
assister,736015
associatif,152607
association,2091970
associer,1332257
assumer,376497
assurance,1036752
assurer,2606095
assurément,88130
astucieusement,5201
atelier,766889
atrocement,11585
attacher,607040
attaque,902514
attaquer,785030
atteindre,1901565
attendre,4132609
attente,737854
attentif,223295
attention,1696392
attentivement,110779
attirer,863612
attitude,528624
attractif,102016
attraper,299145
attrayant,93567
attribuer,477122
au-dedans,6207
au-delà,557830
au-dessous,50293
au-dessus,416443
au-devant,11965
aucunement,75925
audacieusement,2437
audio,120400
augmentation,709762
augmenter,1414852
aujourd,8517751498742287558
auparavant,218271
auprès,1247559
aussi,15959405
aussitôt,320094
autant,2187525
auteur,1906984
authentique,211267
authentiquement,10402
autochtone,105744
automatique,319461
automatiquement,286682
automobile,248761
autonome,229190
autoriser,717068
autorité,1185997
autour,2146936
autre,21309133
autrefois,238913
autrement,574320
avaler,201577
avance,812623
avancer,1222547
avant,507647319606
avant-hier,21426
avant-plan,4080
avantage,1322518
avantageusement,16153
avantageux,115816
avec,510876
avenir,1032604
aventure,742563
avertir,242584
aveugle,118313
aveuglette,7220
aveuglément,15133
avidement,10301
avion,612235
avis,1594010
avocat,578340
avoir,162955084
avouer,733119
avril,1212564
avérer,463418
axer,168156
aérien,367685
b,236614
bain,635951
baiser,227348
baisse,500418
baisser,509625
balancer,184356
banal,149016
banalement,2557
bancaire,344263
bande,773429
banque,993748
baptiser,189021
bas,510437964837521115
base,2621608
baser,879219
bassement,5580
bataille,526587
bateau,593021
battre,1149936
beau,5133729
beaucoup,6825402
beauté,634329
belge,298138
ben,620234
besoin,4359214
biblique,106222
bien,110164335630622566139
bientôt,981222
bienvenir,191139
bigrement,2753
bilan,526916
billet,545039
biologique,506286
biologiquement,7235
bis,867355736
bizarre,313315
bizarrement,72150
blanc,1788030
blesser,433988
bleu,755569
blog,1640613104065
blond,279547
bloquer,439841
boire,763234
bois,1370898
bon,12010425678714
bonheur,844616
bonjour,923937
bonne,76920
bonnement,36623
bonus,554636
bord,1050759
bosser,205942
bouche,817986
bouger,569088
boulot,85538
bourgeois,107282
bout,1523999
boutique,489051
boîte,481481
brancher,197857
bras,1265494
brave,93588
bravement,4693
bref,423068710024
breton,102101
brillamment,27824
brillant,222279
briller,294810
briser,383448
britannique,349508
brièvement,76619
bruit,604765
brun,255109
brusquement,103704
brut,237613
brutal,145374
brutalement,75604
bruyamment,20359
brésilien,104462
brûler,357692
budget,739596
budgétaire,197867
bureau,1179770
but,2005365
bâtiment,782471
bâtir,260423
béatement,2698
bébé,717041
bénéficier,684326317119
bénéfique,172184
bénévole,115622
bénévolement,14569
bête,153053
bêtement,45398
c,936444183197
c''est-à-dire,745193
ca,1520106212956
cacher,1143830
cadeau,636365
cadre,2252120
café,552673
calculer,340342
califourchon,8188
calme,528537
calmement,57227
calmer,278041
camp,631641
campagne,1188021
canadien,545902
candidat,1012886
capable,1159612
capacité,1378176
capital,217972
capitaliste,113487
capturer,155896
caractère,1113517
caractériser,335492
caractéristique,523005179993
cardiaque,169787
caresser,277230
carrière,696280
carré,85949
carrément,164385
carte,2168856
cas,6235039
cash,48452
casino,1698776
casser,456664
catholique,411076
catimini,9756
catégorie,935135
catégoriquement,21625
cause,2514958
causer,562053
celer,199175
celle-ci,395129
celles-ci,100910
cellulaire,163016
cellule,603370
celui-ci,51603593706
censé,237043
censément,3025
centaine,605440
central,847255
centre,2460253
centrer,190683
cependant,2064890
certain,1539220
certainement,1246404
certes,804742
cesser,718035
ceux-ci,173373
chaleur,639868
chaleureusement,39040
chaleureux,190907
chambre,1655637
champ,995808
championnat,491158
chance,1681064
changement,1457405
changer,2734486
chanson,833914
chanter,591371
chapitre,676701
charge,1671978
charger,1204153
charmant,227576
chasser,284956
chat,645114
chaud,109873622458
chaudement,16649
chauffer,280889
chaussure,477668
chaîne,680450
chef,1804586
chemin,1527898
cher,795872863140
chercher,2861074
chercheur,106704
cheval,856438
cheveu,977605
chichement,2455
chien,968326
chier,150367
chiffre,886363
chimique,299853
chimiquement,8734
chinois,502045
chirurgical,106983
chirurgicalement,2530
choisir,2872367
choix,2534159
choquer,216783
chose,7668583
chouette,104719
chronique,166906
chronologiquement,8187
chrétien,457764
chute,490153
chèrement,9131
ci,519432
ci-dessous,353870
ci-dessus,271907
ci-devant,5320
ci-joint,21190
cibler,301981
ciel,755855
cinquante,136743
cinquième,134830
cinéma,680377
cinématographique,98737
circulaire,87817
circuler,260965
citer,786336
citoyen,943739
cité,528812
civil,790285
civilement,5695
clair,1028311249335
clairement,615922
clandestinement,13091
class,12193
classe,1662327
classer,496612
classique,788663
classiquement,13902
client,2105241
climatique,266795
clinique,266606
cliniquement,12724
cliquer,675766
clore,210424
club,1403161
clé,810469
cm,610262
code,995532
cognitif,95682
cohérent,171804
coin,794531
coincer,151968
collaboration,580226
collaborer,164951
collectif,788897
collection,623211
collectivement,62138
coller,501490
collègue,491370
colonial,146187
colorer,221127
com,859277
combat,1210441
combattre,457465
combien,823511
combiner,392536
combler,256604
comité,888044
commande,771604
commander,605374
comme,10957024
commencer,4434432
comment,4069641
commentaire,1516909
commenter,269235
commerce,864781
commercial,990073
commercialement,13648
commercialiser,152735
commettre,458866
commission,1129265
commodément,7295
commun,1159275
communal,205791
communautaire,357091
communauté,1349447
commune,1031972
communication,1232316
communiquer,638556
communiste,217353
communément,68806
compact,131561
compagnie,1191580
comparable,173171
comparativement,48314
comparer,652458
compatible,144822
compenser,189092
complaisamment,4158
complet,1215891
complexe,547209
compliquer,394623
complètement,861715
complémentaire,326123
compléter,529503
comportement,834078
comporter,621017
composer,1224996
comprendre,5887076
comptable,157728
comptant,19398
compte,3033951
compter,2557075
compétence,980234
compétent,245615
compétitif,109592
compétition,503798
con,191039
concentrer,615573
concept,769033
conception,768730
concerner,3160734
concert,699184
concevoir,956887
conclure,643306
conclusion,614662
concomitamment,2651
concours,695337
concret,321219
concrètement,108609
concurremment,2748
condamner,577023
condition,2439847
conduire,1297132
confiance,1135913
confier,623771
confirmer,1041723
conflit,645906
confondre,340502
conforme,245214
conformément,232263
confortable,272310
confortablement,55140
confronter,364600
confus,85417
confusément,6395
conférence,719091
conférer,164399
congolais,112879
conjointement,86312
connaissance,1670423
connaître,5991339
connecter,454949
connu,96037
conquérir,176328
consacrer,955208
consciemment,28624
conscience,960929
consciencieusement,15632
conscient,367854
conseil,2093634
conseiller,838226
consentir,150364
conservateur,115107
conserver,916998
considérable,287489
considérablement,186640
considérer,2008005
consister,766910
consommateur,585992
consommation,780323
consommer,464610
constamment,228602
constant,351984
constater,1071837
constituer,1789856
constitutionnel,192589
constitutionnellement,3897
constructif,104302
construction,1335488
construire,1541543
consulter,694730
consécutif,162544
consécutivement,6830
conséquemment,10995
conséquence,1021150
conséquent,606189
contact,1221345
contacter,543599
contempler,151722
contemporain,410509
contenir,1395706
content,582265
contenter,468791
contenu,1031483
contester,207119
contexte,760917
continu,431664
continuellement,81319
continuer,2670560
continûment,2494
contractuellement,5005
contradictoire,118993
contradictoirement,2554
contraindre,284304
contraire,868672296270
contrairement,480269
contrat,1252364
contre,563253
contrecœur,6331
contrer,159976
contribuer,833258
contrôle,1353469
contrôler,696852
convaincant,92543
convaincre,652879
convenable,96324
convenablement,52944
convenir,403415
convenir|convier,446943
convention,552664
conventionnel,138010
conventionnellement,2397
convertir,225580
convivial,160444
convoquer,146128
cool,266174
coordonner,161551
copier,214922
copieusement,19142
coquin,112819
cordialement,121141
corporel,170995
corporellement,2581
corps,2843063
correct,363534
correctement,352191
correspondant,110355
correspondre,914615
corriger,355883
corrélativement,3256
coter,786798
couche,514429
coucher,421014
couler,387276
couleur,2132046
coup,3803427
coupable,206612
couper,865032
couple,953649
coupler,209391
cour,533606
courage,724812
courageusement,18607
courageux,146379
couramment,81566
courant,877959315209
courir,870570
course,1168549
court,1057137122300
courtoisement,3083
cour|cours,3764815
couverture,546896
couvrir,889293
coût,1213089
coûter,470526
coûteux,207525
craindre,537182
craquer,185505
crescendo,10213
creuser,234306
creux,92819
crier,443302
criminel,186817
crise,1279533
critique,601171400529
critiquer,328748
critère,567165
croire,4249414
croiser,591626
croissance,805627
croissant,162156
croître,200316
crucial,176720
cruel,149626
cruellement,50727
crânement,2692
créateur,162766
créatif,177305
création,1791365
crédible,139909
crédit,866858
créer,3691244
crûment,4167
cuire,275218
cuisine,850494
cul,503178
cultiver,244058
culture,1542467
culturel,985526
culturellement,19631
curieusement,57703
curieux,323905
cycle,511476
cyniquement,4295
céans,2820
céder,308858
céleste,113218
célèbre,626616
célébrer,283177
cérébral,107754
côté,3275252
cœur,2733006
d,1284071288629
d''abord,1781806
d''accord,940511
d''ailleurs,2071645
d''après,739079
d''autant,631921
danger,668460
dangereusement,34824
dangereux,619840
danser,299110
date,1389389
dater,418974
davantage,720133
debout,282021
dedans,269265
degré,512483
dehors,552361185736
delà,198474
demain,760711
demande,1857450
demander,5230496
demeurant,9643
demeurer,686638
demi,18187137118
dense,113469
densément,5353
dentaire,110282
depuis,50963
derechef,10403
dernier,9492356891886
dernièrement,94578
derrière,170694
descendre,699012
description,526895
dessin,610046
dessiner,490989
dessous,304284
dessus,874219
destiner,923381
dette,476488
deuxièmement,53058
devant,284600
devenir,5145603
deviner,255219
devoir,16877438
deçà,26473
diablement,8693
diaboliquement,2524
dialogue,515492
diamétralement,10425
dieu,538931
difficile,2071947
difficilement,171982
difficulté,1200122
diffuser,565965
différemment,93185
différence,1092569
différent,4351074
différer,154495
digne,401515
dignement,31322
diligemment,2358
dimanche,1048293
dimension,660170
diminuer,569864
diplomatique,134418
diplomatiquement,3276
dire,17955355
direct,918656
directement,1162013
directeur,991939256653
direction,1674811
dirigeant,561380
diriger,1146010
discours,824698
discret,262006
discrètement,87503
discussion,748850
discuter,733197
disparaître,1045704
dispenser,146931
disponible,1525976
disposer,1301179
dispositif,628862
disposition,1164053
disputer,238555
disque,667014
dissimuler,158534
distance,728380
distant,86788
distinct,241380
distinctement,22305
distinguer,544277
distraitement,8702
distribuer,392158
distribution,535232
dit,146341
divers,1588385
diversement,11153
divin,404125
divinement,9888
diviser,361896
dizaine,616611
docilement,9288
doctement,2393
document,1371629
documentaire,131768
doigt,800352
dolce,6258
dollar,807589
domaine,1969135
domestique,174160
domicile,625547
dominant,170686
dominer,433762
dommage,714585
don,625864
donc,11024279
donner,9050397
donnée,1666854
dormir,736136
dorénavant,92849
dos,932425
dossier,1340612
doter,445083
double,715699
doublement,34127
doubler,277536
doucement,492528
douleur,815447
douloureusement,15867
douloureux,245915
doute,2093675
douter,563965
doux,8768047042
dramatique,172728
dramatiquement,9191
drastiquement,9603
dresser,341432
droit,4189858112565051126
droit|droite,940116
drôle,284697
drôlement,21747
ds,177695
dun,166099
dur,114415473584
durable,591760
durablement,55380
durement,82129
durer,870298
durée,1007137
dynamique,335740
dynamiquement,8275
débarquer,202609
débarrasser,255734
débat,1003391
débattre,217213
début,2653105
débutant,171578
débuter,551674
décembre,1295407
décemment,15554
décevoir,354207
déchirer,188373
décider,2490558
décidément,135798
décisif,164067
décision,1553495
déclaration,708519
déclarer,1387241
déclencher,266273
décliner,167020
décorer,189253
découler,179280
découper,155311
découverte,580501
découvrir,2764106
décrire,830023
décrocher,178416
décéder,215686
dédier,446685
défaire,164166
défaut,735482
défendant,6589
défendre,883677
défense,763225
défensif,124477
défensivement,9285
défi,516933
définir,1046165
définitif,322779
définition,561578
définitivement,339255
dégager,436024
déjà,5608408
délai,598701
délibérément,46636
délicat,286234
délicatement,87293
délicieusement,18837
délicieux,179638
délivrer,305553
démarche,787248
démarrer,343243
démesurément,6187
démocratie,561394
démocratique,412061
démocratiquement,22874
démographique,92395
démontrer,622637
dénoncer,464190
départ,1442319
département,771746
départemental,230679
dépasser,826579
dépendamment,2949
dépendant,111359
dépendre,742799
dépense,576340
dépenser,282038
déplacement,529812
déplacer,679062
déployer,283829
déposer,772540
déranger,303083
dériver,151200
dérouler,725636
désagréable,130245
désagréablement,3309
désespérément,48339
désigner,658206
désir,680183
désirer,663928
désireux,111419
désoler,496848
désormais,1168079
détacher,213326
détail,1120802
détailler,396597
détecter,214869
détendre,222189
détenir,344794
déterminer,950168
détester,286570
détourner,268938
détruire,673118
développement,2635190
développer,1949991
dévoiler,377012
dûment,36904
e,1340742698139667997
eau,3948466
effacer,293615
effectif,247652
effectivement,778922
effectuer,1643473
effet,4999173
efficace,1107712
efficacement,175669
efficacité,545453
efforcer,178119
effort,1211036
effrontément,3194
effroyablement,2652
embarquer,214816
emblée,91839
embrasser,424374
emmener,390846
emparer,202422
empiriquement,4396
emploi,1685309
employer,777556
employé,488264
emporter,471871
emprunter,320200
empêcher,1247106
encadrer,214199
enchaîner,166773
encontre,175329
encor,26971
encore,10454358
encourager,579248
endormir,277758
endroit,1524535
enfant,5727805
enfermer,260058
enfiler,148568
enfin,3717026
enfoncer,282313
enfuir,154673
engagement,777944
engager,1377867
engendrer,261289
enjeu,523055
enlever,694769
ennemi,600172199950
ennuyer,196914
enquête,844174
enregistrer,782976
enrichir,282447
enseignant,507672114090
enseignement,969368
enseigner,485430
ensemble,23602781008620
ensuite,2629879
entamer,289143
entendre,3303549
enterrer,157082
entier,1205433
entièrement,590110
entourer,638124
entrainer,215811
entraîner,820102
entre-temps,33927
entreprendre,569492
entreprise,4221782
entrer,1716121
entretemps,10896
entretenir,479625
entretien,755146
entrée,1277685
envahir,268717
envi,12200
envie,1594470
envier,187803
environ,766759
environnement,1386459
environnemental,328329
envisager,690153
envoler,168454
envoyer,1901770
er,604119155846530709
ergo,4227
erreur,1064072
espace,1982379
espagnol,380041
espoir,698027
esprit,2328562
espèce,840529
espérer,1854945
essai,727209
essayer,769944
essayer|essayer,1917198
essentiel,929134
essentiellement,486381
est-ce,1218347
est-ce-que,8100
est-elle,182721
est-il,509768
est-à-dire,5657
esthétique,200517
esthétiquement,11334
estimer,1008084
estival,90469
etait,503483
ethnique,136696
ethniquement,2472
etre,498756316202223947
euro,2027013
européen,1948534
ex,484647
exact,413514
exactement,746848
exagérément,8282
examen,718569
examiner,553338
excellemment,4472
excellent,1085344
exception,485958
exceptionnel,579887
exceptionnellement,55332
excessif,182241
excessivement,35064
exciter,229702
exclure,348122
exclusif,225736
exclusivement,246955
excuser,266134
exemplaire,166960
exemple,4180767
exercer,702519
exercice,938478
exhaustif,93491
exigeant,114713
exigence,542365
exiger,680953
existant,371174
existence,792117
exister,2613185
exotique,97223
expert,566995241493
explication,583885
explicite,96100
explicitement,66881
expliquer,2357416
exploitation,680470
exploiter,413539
explorer,309619
exploser,280199
exposer,693309
exposition,855655
expression,917602
expressément,49444
exprimer,1172127
exprès,55328
expérience,2174234
expérimental,128119
expérimentalement,6194
expérimenter,215241
extenso,5462
externe,283948
extraire,322592
extraordinaire,332444
extraordinairement,20010
extremis,17369
extrême,398755
extrêmement,486798
extérieur,601942626315
extérieurement,11444
exécuter,448692
exécutif,163896
fabriquer,565536
fabuleux,166836
face,2958087
facile,1686747
facilement,993340
faciliter,600039
facteur,756544
facto,35150
faible,1104197
faiblement,42738
faillir,174403
faire,49449668
fait,5328683149628
falloir,9377864
fameux,577395
familial,672612
familier,157148
familièrement,6527
famille,3404387
fan,601883
fantastique,224862
farouchement,15835
fatal,111347
fatalement,18738
fatiguer,294037
faussement,34636
faute,818741
faux,833520
faveur,578041
favorable,408486
favorablement,33990
favori,141260
favoriser,725527
façon,3417097
femelle,102839
femme,5267249
fenêtre,605669
fer,519713
ferme,332318127344
fermement,109568
fermer,956275
fermé,97167
ferroviaire,102468
festif,86012
feu,1154991194729
feuille,644505
fiable,275881
fichier,1090515
fichtrement,2636
fidèle,313978
fidèlement,33516
fier,242063263335
figure,554349
figurer,595463
fil,848750
filer,210617
fille,3268754
film,3015599
filmer,199862
fil|fils,1588645
fin,39813571046629
final,1054942
finalement,1281912
financement,585891
financer,431047
financier,1560737
financièrement,84392
finement,53664
fini,88689
finir,2573591
fiscal,429640
fiscalement,8400
fissa,4104
fixe,279922
fixement,13200
fixer,1080232
fièrement,53196
fiévreusement,2495
flagrant,99389
flamand,98292
fleur,669321
flou,104169
fluide,99691
foi,794715
foi|fois,8542353
follement,14392
folle|fou,213591
foncer,182630
foncier,140350
foncièrement,17469
fonction,2443654
fonctionnel,217777
fonctionnellement,3540
fonctionnement,717347
fonctionner,1098931
fond,1628624
fondamental,565790
fondamentalement,94922
fonder,697043
fondre,253339
fond|fonds,812835
force,1753765
forcer,491585
force|forces,862608
forcément,596027
forestier,127147
format,555501
formation,2618701
forme,3144452
formel,143582
formellement,53278
former,1390971
formidable,227657
formidablement,6658
formule,475662
formuler,248624
fort,2719320833087
forte,5426
fortement,515209
fortiori,27662
fortuitement,4002
forum,1568060
forêt,680587
fou,422753
fougueusement,4454
fournir,1825591
fournisseur,549223
foutre,43931761659
foutrement,3372
fragile,240159
fraichement,16500
frais,925517
franc,277899
franchement,438181
franchir,307913
franco,16891
francophone,221912
français,4011059
frapper,694317
fraternellement,6540
frauduleusement,5125
fraîchement,39885
froid,743392
froidement,24504
frontière,136320
frotter,152141
fruit,840820
frère,1330024
frénétiquement,12605
fréquemment,197187
fréquent,295293
fréquenter,239289
fuir,370882
fumer,298540
furieusement,16509
furieux,99395
furtivement,15484
futur,982162
fébrilement,6942
fédéral,493678
féliciter,241138
féminin,453662
férocement,9314
février,1218056
fête,986581
fêter,248645
g,146106
gagner,2236694
gaiement,13758
gamme,740186
garantir,779762
garde,902761
garder,1972741
garçon,801121
gauche,1173973
gay,95124
gaz,557794
genre,2286844
gens,3567970
gentil,381499
gentiment,99121
geste,641542
gestion,1744856
gi,3079
gigantesque,148583
glisser,437995
global,611101
globalement,151654
glorieusement,3162
glorieux,96595
go,65485
gogo,9970
goulûment,10384
gourmand,112718
gouvernement,2397007
gouvernemental,236046
gouverner,150188
goût,779026
goûter,167841
gracieusement,30301
graduellement,30398
grand,12622593
grandement,139006
grandir,404633
graphique,317276
graphiquement,20336
gras,343541
grassement,9083
gratis,10018
gratuit,1887259
gratuitement,384269
grave,918750
gravement,87880
graver,165897
grec,162089
grecque,120781
grimper,169500
gris,301085
grièvement,20085
gros,2644782251488
grossier,87209
grossièrement,24385
grosso,23083
groupe,4306721
grâce,2526952
guerre,2026291
guider,435638
guère,346749
guérir,213057
génial,325551
général,3224612
généralement,1183305
généraliser,149340
génération,725116
générer,491848
généreusement,35802
généreux,191349
générique,111541
génétique,168399
génétiquement,31562
géographique,242718
géographiquement,21494
gérer,1027720
gêner,259346
habile,94715
habilement,36669
habiller,305380
habitant,898462
habiter,653329
habitude,959779
habituel,343910
habituellement,347268
habituer,310247
hardiment,8603
harmonieusement,19739
hasard,560772
haut,2443326522078
hautement,114331
hauteur,694912
hebdomadaire,136986
hermétiquement,8352
heure,4305283
heureusement,534458
heureux,1062385
hier,243004733575
histoire,4017474
historique,847160
historiquement,56245
hiver,633213
hiérarchiquement,3455
hoc,31814
homme,7091219
homosexuel,91143
honneur,676730
honnête,190038
honnêtement,65571
honorable,137735
honorablement,7113
honorer,175368
honteusement,11819
honteux,89534
horaire,144364
horizontal,118073
horizontalement,15953
horrible,185396
horriblement,20620
hors,23320
hospitalier,144475
hostile,118746
hui,18836842217211
huile,633809
humain,2235668
humainement,19044
humanitaire,180661
humanité,488591
humble,114189
humblement,20848
humide,242019
hurler,228361
hypocritement,4099
hypothécaire,85540
hâtivement,7038
héroïquement,3233
hésiter,821792
hôpital,553771
hôtel,851826
i,259065
ibidem,4603
ici,4353566
idem,109712
identifier,720343
identique,317907
identiquement,2672
identité,654961
idiot,119841
idéal,627249
idéalement,70997
idée,3372672
idéologique,125220
idéologiquement,7855
ignorer,617576
illico,19682
illustre,88330
illustrer,419450
illégal,197381
illégalement,30230
image,2857458
imaginaire,210213
imaginer,1167134
imiter,155223
immanquablement,20574
immense,517249
immensément,9843
immobile,92055
immobilier,505201
immédiat,354096
immédiatement,582157
impact,614972
imparfaitement,5470
impatiemment,16684
impatient,89635
impec,4274
impeccablement,7829
imperceptiblement,6956
impitoyablement,7569
implacablement,2796
implanter,188399
implicitement,32232
impliquer,898052
importance,900360
important,3929756
importer,1797755
imposant,100662
imposer,1292333
impossible,823972
impression,1176339
impressionnant,323474
impressionner,167779
imprimer,295716
improprement,3372
improviste,12376
imprudemment,4497
impunément,15468
impérativement,63755
impérial,117811
impôt,518308
in,867404
inacceptable,84570
inattendu,135443
incapable,308245
incarner,247233
incertain,115169
incessamment,14315
incidemment,7221
inciter,303952
incliner,156301
inclure,770506
inclusivement,4274
incognito,9132
incomparablement,6001
inconditionnellement,4879
inconnu,347323
inconsciemment,42947
inconscient,102097
inconsidérément,2460
incontestablement,63231
incontournable,215169
incorrectement,3152
incroyable,352868
incroyablement,77151
indien,234739
indifféremment,14530
indifférent,100352
indignement,2652
indique,205760
indiquer,1512281
indirect,101683
indirectement,67087
indiscutablement,9489
indispensable,549466
indissolublement,2743
indistinctement,5958
individu,1046785
individuel,672254
individuellement,73161
indubitablement,13120
induire,155834
industrie,853988
industriel,604904
industriellement,3993
indéfiniment,34148
indéniablement,27582
indépendamment,116993
indépendant,555325
indésirable,112505
indûment,9828
inexorablement,21269
inexplicablement,3656
inextricablement,2956
infailliblement,9590
infini,172440
infiniment,89511
infliger,147005
influence,571289
influencer,236687
influent,89245
information,3633075
informatique,489820
informer,734696
infra,11988
inférieur,523865
initial,401037
initialement,134447
initiative,767566
initier,280092
injuste,121127
injustement,29244
inlassablement,36397
innocemment,7938
innocent,135521
innombrable,126019
inopinément,4869
inoubliable,103301
inquiet,193748
inquiétant,119619
inquiéter,473264
inscription,642031
inscrire,1260585
insensiblement,10191
insidieusement,8774
insister,378780
inspirer,691691
installation,995417
installer,1640884
instamment,12547
instant,1275088116781
instantané,95394
instantanément,95921
instaurer,183296
instinctivement,26293
institut,479539
institution,784031
institutionnel,199146
instrument,574287
insuffisamment,19902
insuffisant,174523
insupportable,115429
insérer,215344
intact,89995
intellectuel,332907
intellectuellement,21835
intelligemment,29950
intelligent,354308
intense,307902
intensif,121168
intensivement,5545
intensément,38079
intention,697247
intentionnellement,13763
interactif,147881
interdire,790115
intermédiaire,199608
international,2175676
internationalement,17714
interne,521582
internet,817316
interpeller,189035
interpréter,326596
interroger,557753
interrompre,198424
intervenir,773075
intervention,953706
intime,227389
intimement,42331
intituler,330083
intrinsèquement,15326
introduire,479706
intuitivement,9397
intégral,130116
intégralement,64393
intégrer,1031288
intéressant,970165
intéresser,1370593
intéressé,137073
intérieur,1419191638480
intérieurement,52756
intérêt,2014906
inutile,488225
inutilement,44089
invariablement,23920
inventer,382395
inverse,102044
inversement,63742
investir,617750
investissement,836507
invisible,195361
inviter,1122438
invité,528894125796
involontairement,24613
invoquer,184527
inédit,190012
inégalement,6387
inéluctablement,13042
inévitable,120201
inévitablement,65777
iranien,134788
ironiquement,17262
irrégulièrement,4951
irrémédiablement,23159
irrésistiblement,9694
irrévocablement,3897
is,204645
islamique,190043
islamiste,127315
isoler,295877
isolément,9585
israélien,275250
issu,661830
italien,397077
item,13537
itou,5432
j,297233
jadis,108169
jai,166525
jalousement,10926
jaloux,123936
jamais,5257032
jambe,575057
janvier,1510988
japonais,296446
jardin,853663
jaune,341631
jeter,1019761
jeu,6587763
jeudi,705315
jeun,19713
jeune,15028004575477
jeunesse,536109
joie,724893
joindre,474817
joli,987621
joliment,36740
jouer,4416076
joueur,2547897
jouir,342198
jour,9705302
journal,669442
journaliste,781587
journellement,5808
journée,2215023
joyeusement,35677
joyeux,205747
judiciaire,370075
judiciairement,2552
judicieusement,21874
judicieux,100405
juge,592647
juger,951145
jugé,2470
juif,387066
juillet,1209189
juin,1475975
jurer,184594
juridique,537537
juridiquement,32264
juste,3661070
justement,604464
justice,990763
justifier,587557
l,518173933962416427
laborieusement,5840
laisser,5181089
lamentablement,18997
lancer,1934114
langage,507533
langoureusement,12628
langue,1619255
large,10769076469
largement,658820
largo,2751
latin,202089
latéral,124767
latéralement,8427
laver,309960
leader,496185
lecteur,907198
lecture,1090725
lendemain,545473
lent,291205
lentement,336648
lesbien,87220
lettre,1334976
lever,1085328
liberté,1242284
libre,1504873
librement,173238
libéral,242165
libérer,536211
lien,2064332
lier,1611637
lieu,4529773
ligne,4392873
ligner,199570
limite,1039271
limiter,1153044
linguistique,166233
linéaire,92029
liquide,153865
lire,2761005
lire|liser,406322
lisse,114425
liste,1567105
lit,846997
littéraire,320731
littéralement,165554
live,213333
livre,2892781
livrer,781148
local,1747319
localement,64097
localiser,158291
location,575880
logement,748737
loger,167416
logiciel,1199732
logique,288946
logiquement,94261
loi,2615011
loin,2516797
lointain,195306
lol,600167
long,1043263150616287562
longtemps,1671992
longue,1453684
longuement,138233
longueur,476859
lors,3812667
louer,353057
lourd,760609
lourdement,65973
loyalement,9868
lucidement,2763
lucratif,109572
ludique,127618
luire,183965
lumineux,254099
lumière,1317645
lundi,774062
lutte,908054
lutter,431605
là,6462974
là-bas,235099
là-dedans,35035
là-dessous,3282
là-dessus,78028
là-haut,26346
lâchement,12267
lâcher,370923
lèvre,577507
lécher,154672
légal,419463
légalement,60360
légendaire,96964
léger,865414
législatif,211867
légitime,243266
légitimement,33813
légèrement,537828
m,1372757377354
machinalement,19458
machine,1331828
madame,767879
magasin,718979
magique,395309
magiquement,5623
magistralement,10557
magnifique,910753
magnifiquement,41143
magnétique,106168
mai,1518971
maigre,112628
main,4128971
maintenant,3437515
maintenir,1014902
maire,643755
maison,4158323
maitriser,152397
majestueusement,5072
majeur,718420
majoritaire,95313
majoritairement,89618
majorité,985385
mal,13563683018562644269
malade,439945
maladie,1302217
maladroitement,20641
malencontreusement,12702
malheureusement,809210
malheureux,187777
malicieusement,7807
malin,96913
maman,622791
manger,1354695
manifestation,692927
manifestement,105035
manifester,516458
manipuler,211953
manière,2601882
manque,830983
manquer,1528952
manuel,172239
manuellement,48460
marchand,160566
marche,1002219
marcher,1027128
marché,2650549
mardi,655051
marginalement,3012
mari,571890
mariage,2044736
marier,587084
marin,229004
maritime,192057
marketing,551615
marocain,201601
marque,1366505
marquer,1231478
marrant,107669
marre,138817
mars,1369199
masculin,250253
masquer,158918
masse,655059
massif,287589
massivement,68447
match,1617263
maternel,275716
mathématique,106431
mathématiquement,12550
matin,1587610
matière,1849256
mature,105446
matériel,661079
matériellement,17222
mauvais,163970216568
maxi,20640
maximal,210604
maximum,479591196500
maître,961285
maîtriser,360330
mec,820055
meilleur,3839250
membre,2985196
meme,205203437626
menacer,465731
mener,1641645
mensuel,201783
mensuellement,12591
mental,363635
mentalement,64317
mentionner,670780
mentir,247883
menu,9733412011
mer,1056866
merci,2339406
mercredi,730456
merveilleusement,31152
merveilleux,396423
message,2273109
mesure,2963675
mesurer,555952
mettre,11442811
mi-chemin,35594
mi-voix,3106
mieux,3996371
mignon,160602
milieu,1789899
militaire,945690
militairement,15462
militant,358975
milliard,821922
millier,606626
million,2027780
min,584696
mince,185978
mineur,239262
mini,161892
minier,98791
minima,6816
minimal,152475
minime,92539
minimum,676008
ministre,1579615
ministère,719855
ministériel,97968
minuscule,103728
minute,1943685
minutieusement,24688
minéral,110129
miraculeusement,20118
mise,2339698
mission,1419779
misérablement,5271
mixte,149094
mm,479620
mobile,495047
mobiliser,304210
moche,95570
mode,1778709
moderne,774773
modeste,232732
modestement,19808
modification,574993
modifier,947703
modo,42503
modèle,1709114
modérément,18335
moindre,792630
moindrement,3200
moins,7870004
moitié,737458
moi|mois,4382101
mollement,13904
mollo,3435
moment,5094249
momentanément,31769
monde,7643438
mondial,1353639
mondialement,29318
monsieur,2818763
monstrueusement,3591
montagne,629834
montant,670772
monter,1522973
montrer,3000111
monétaire,184036
moquer,178998
moral,518319
moralement,45519
morceau,726631
mordicus,4144
mordre,187357
mort,2395312136898
mortel,165792
mortellement,13450
mot,3102517
moteur,869948267461
motiver,363634
mou,121500
moult,24841
mourir,1535829
mouvement,1928913
moyen,23866001209986
moyennement,27177
muet,95304
multimédia,106182
multinational,87166
multiple,541754
multiplier,351878
municipal,481303
munir,152585
mur,1033218
musculaire,153955
musical,552232
musicalement,18702
musique,1891305
musulman,396516
mutuel,298835
mutuellement,74674
mystérieusement,17216
mystérieux,225056
mythique,124919
mère,1559003170494
mètre,855571
mécanique,233128
mécaniquement,21651
méchamment,15984
méchant,160879
médecin,1007051
médias,711093
médiatique,201342
médical,765182
médicalement,12728
médicament,613027
médiocre,85349
médiocrement,2906
méditerranéen,99404
médiéval,126175
mélanger,351108
mémoire,1026527
ménager,94335
mériter,621280
métallique,171487
métaphoriquement,3024
méthode,1492093
méthodiquement,12476
méticuleusement,9486
métier,862750
mêler,307301
même,936237710928633
mûrement,6437
n,1171035180730
naguère,25390
naissance,761849
natal,120728
nation,642483
national,2892932
nationalement,5469
nativement,4688
nature,1748376
naturel,1475704
naturellement,388087
naître,1415337
naïf,98588
naïvement,16364
ne,89387423
nenni,13016
nerveusement,17499
nerveux,184677
net,703611169378
nettement,271823
nettoyer,327351
neuf,672148
neutre,155522
nier,234661
niet,6612
niveau,4107471
no,180446
noble,208216
noblement,3422
nocturne,126965
noir,1771439
nom,3846875
nombre,3690784
nombreux,3960784
nommer,914951
nommément,9927
non,8615436
nonchalamment,7822
nonobstant,2561
nord,156720
normal,1103532
normalement,516203
norme,689531
notable,88309
notablement,11422
notamment,2560249
note,943519
noter,1278724
notion,588663
notoirement,9230
nourrir,504877
nouveau,12145149
nouvellement,63511
novembre,1274856
nucléaire,321573
nuire,200351
nuit,2097146
nuitamment,2315
nul,806339
nullement,128870
numérique,608086
numériquement,9215
numéro,966744
néanmoins,757800
nécessaire,2092357
nécessairement,243339
nécessiter,565880
nécessité,508245
négatif,418587
négativement,24834
négligeable,121179
négligemment,9875
négliger,176351
négocier,255251
o,423975
objectif,1580625581308
objectivement,34679
objet,2115657
obligation,633514
obligatoire,422379
obligatoirement,108720
obliger,948505
obliquement,2507
obscur,156105
observer,1114006
obstinément,14076
obtenir,3290319
obéir,189723
oc,6172
occasion,1980011
occasionnellement,29127
occidental,394767
occuper,1598575
octobre,1368995
of,1283580
off,29851
offensif,118855
offensivement,8458
officiel,931058
officiellement,249662
officieusement,8687
offre,1144133
offrir,3673234
olympique,171696
ombre,564518
online,549675
opinion,684706
opportunément,8592
opposer,864500
opposition,626461
opter,289530
optimal,182932
optimiser,238786
optimiste,89447
option,967250
optique,134962
opération,1254313
opérationnel,251560
opérer,384527
or,1339722
oral,233790
oralement,14660
orange,124196
ordinaire,304687
ordinairement,32761
ordinateur,754739143964
ordonner,311445
ordre,1973298
oreille,662164
ores,96467
organique,166318
organiquement,2801
organisation,2057279
organiser,2008652
organisme,851527
oriental,179954
orienter,395301
originaire,204879
originairement,2989
original,798663
originalement,3209
origine,1671543
originel,102067
originellement,18180
oser,615937
ostensiblement,11415
oublier,2162789
ouest,110883
out,45873
outil,1428859
outrageusement,7921
outre,1021194
outre-Manche,4927
outre-atlantique,5768
outre-mer,40026
outre-tombe,4242
ouvert,462854
ouvertement,99141
ouverture,921456
ouvrage,972389
ouvrer|ouvrir,900434
ouvrier,224050
ouvrir,2234435
où,599455
p,706629
pacifique,107634
pacifiquement,13729
page,2800852
paiement,570961
paisible,111938
paisiblement,37304
paix,910178
palestinien,231693
papier,954872
par-ci,16257
par-dessous,2924
par-dessus,82559
par-là,22426
paradoxalement,63048
parallèle,155084
parallèlement,134288
paraître,1474764
parc,750700
parcourir,484692
parcours,696515
pardonner,222189
pareil,45764497997
pareillement,22530
parent,155210
parental,94402
parent|parents,1494034
parer,250208
paresseusement,3846
parfaire,384387
parfait,680351
parfaitement,779617
parfois,2229079
pari,634614
parier,169774
parisien,333248
parlementaire,184782
parler,5620068
parole,1441483
part,4377059
partager,1493767
partenaire,1093949
partenariat,516879
parti,1439683
participant,55849284780
participation,722675
participer,1716298
particulier,9911151747954
particulièrement,1300257
partie,4670216
partiel,239079
partiellement,124483
partir,5882810
partout,1003893
parvenir,947004
pas,99527072208670
passablement,27428
passage,1472606
passager,98798
passer,9013476
passif,115463
passion,670414
passionnant,148473
passionner,416781
passionnément,18264
passivement,10508
passé,772104
patiemment,47231
patient,806292291467
pauvre,629718
pauvrement,3072
payant,140306
payer,409241
payer|payer,1532233
pays,5537607
paysage,570036
peau,1074420
peindre,291443
peine,1565699
peinture,594933
pencher,350600
pendre,382614
penser,6459025
pensivement,2703
pensée,1132814
percer,168831
percevoir,471289
perdre,2928685
perdu,190300
performance,807741
performant,225836
permanent,504078
permettre,8420261
perpendiculairement,7624
perpétuel,89066
perpétuellement,18688
persister,158692
perso,85339
personnage,1523430
personnaliser,348132
personnalité,544815
personne,8148997816735
personnel,8711481451505
personnellement,392664
perspective,539244
persuader,239660
perte,931867
pertinemment,33547
pertinent,298996
perturber,186454
pervers,124286
peser,353851
petit,6355781075664042493
petto,2948
peu,11535318
peuple,1742931
peur,1602346
peut-être,2865044
pharmaceutique,116464
phase,786707
philosophique,162040
philosophiquement,4972
phonétiquement,2825
photo,2912347
phrase,690685
physiologiquement,3528
physique,1090242
physiquement,149311
phénomène,631261
piano,62115
pic,29523
pied,2112603
pierre,841175
pieusement,4731
pile,36538
pilote,504876
piloter,165075
piquer,185532
pire,894134
pis,254757
piscine,502790
piste,715800
piteusement,3336
pitoyablement,2407
pièce,1808585
place,5450117
placer,1614386
plage,618842
plaindre,382813
plaire,680163
plaisir,1976581
plait,212050
plan,2372898287654
planifier,155284
plante,613669
planter,350199
planète,608166
plastique,182270
plat,278766
platement,3514
please,18404
plein,2867041
pleinement,291163
pleurer,454886
plier,181783
plonger,455443
pluie,507524
plupart,1704827
plus,50811408
plutôt,2613617
poids,957194
poindre,177740
point,5217278835956
pointer,266821
pointu,87881
poisson,577737
poker,695063
police,943582
policier,189036
poliment,23913
politique,15054303153709
politiquement,101142
polyvalent,85538
pompeusement,3879
ponctuel,87768
ponctuellement,23026
pop,90599
populaire,849270
populairement,2707
population,1677561
porno,213834
port,717884
portable,483778
porte,1890552207081
porter,3480949
poser,2740448
positif,726416
position,1567332
positionner,201048
positivement,52087
possibilité,1486052
possible,3330580
possiblement,20898
posséder,1444393
postal,174238
poste,952480
poster,615186
posteriori,24857
postérieurement,8535
posément,5480
potable,125282
potentiel,366540
potentiellement,105530
pourquoi,3453210
pourrir,163433
poursuivre,1156928
pourtant,2180948
pourvu,135510
pousser,1120620
pouvoir,278122438870704
poétique,140187
poétiquement,3571
pratique,1413934792212
pratiquement,344441
pratiquer,752199
premier,97445114957
premièrement,79368
prenant,105668
prendre,12416103
prescrire,203352
presque,1967966
presse,1089963
presser,292135
pression,828507
prestation,610973
prestement,12756
prestigieux,165620
presto,8000
preuve,1152572
prier,472673
primaire,307004
prime,87000
primitif,109109
primitivement,5908
primo,15940
primordial,150567
principal,2253777
principalement,573248
principe,1570390
priori,214212
prioritaire,128964
prioritairement,22401
prise,1372078
prison,554837
priver,974454
privilégier,410789
privé,631378
prix,3473383
probable,282391
probablement,929127
problème,3986970
problématique,86537
processus,1279614
prochain,2100164
prochainement,174659
proche,12148968758
proclamer,163023
procurer,364309
procéder,499423
procédure,837699
prodigieusement,5004
producteur,106838
productif,113841
production,1622031
produire,2098357
produit,3543817
professeur,918222
professionnel,7012791652317
professionnellement,23021
profit,643289
profiter,1707245
profond,834276
profondément,292962
programme,2949855
programmer,254231
progresser,356081
progressif,210148
progressivement,273880
projet,4393611
projeter,243355
prolonger,310130
promener,222422
prometteur,121384
promettre,605302
promotion,628060
promouvoir,409106
promptement,25707
prononcer,583729
propice,118129
proportionnellement,19796
propos,1291590
proposer,4152454
proposition,940161
propre,3169887
proprement,174712
propriétaire,694700217739
propriété,868861
prosaïquement,3893
protecteur,110713
protection,1143345
protéger,1187883
prou,12905
prouver,713740
provenir,547775
province,530430
provincial,161850
provisoire,173565
provisoirement,40174
provoquer,807070
proximité,548178
prudemment,26349
prudent,170693
près,2623348
préalable,170352
préalablement,93352
précaire,88362
précautionneusement,4304
précieusement,16928
précieux,488543
précipitamment,20051
précipiter,190315
précis,894955
préciser,1000383
précisément,433979
précoce,118961
précocement,9605
préconiser,155135
précédemment,183747
précédent,810380
précéder,292576
préférable,177023
préférablement,2663
préférentiellement,6023
préférer,1396415
préféré,127662
prématurément,22758
préoccuper,206696
préparation,665164
préparer,1451746
présence,1466090
présent,4819492358972
présentation,891886
présentement,78991
présenter,3519984
préserver,397621
président,2007479
présidentiel,396923
présider,175036
prétendre,480767
prétendument,19159
prévenir,563779
préventif,95187
préventivement,3803
prévoir,1907617
prévu,117667
prêt,1256792
prêter,441501
psychique,119932
psychologique,270475
psychologiquement,35048
public,13806241553831
publication,538677
publicitaire,221200
publicité,538745
publier,1438894
publique,1401439
publiquement,97217
pudiquement,6465
puis,5968765
puisqu,517017
puissamment,18123
puissance,1190009
puissant,831399
punir,158336
pur,720520
purement,197996
pâle,120093
père,2068530
pédagogique,357449
pédagogiquement,2360
pénal,200679
pénalement,6737
pénible,123851
péniblement,28474
pénétrer,323774
période,1855916
périodiquement,29764
pétrolier,136020
pêle-mêle,11735
qu,270790194436
qu'',1112039
qualifier,685725
qualitativement,8024
qualité,2818366
quand,1348810
quantitativement,7078
quantité,833726
quartier,993631
quasi,280632
quasiment,301989
quater,2469
quatrièmement,4943
que,1776838
quelconque,306176
quelqu,1400597
quelquefois,130589
question,5629665
quia,2963
quitter,1407560
quotidien,490007646263
quotidiennement,110378
québécois,192732
r,218344
racheter,165168
raciste,115560
raconter,961535
radical,198130
radicalement,74180
radio,180531
rageusement,4919
raide,89139
raison,3882241
raisonnable,286907
raisonnablement,42975
rajouter,369839
ralentir,204913
ramasser,194586
ramener,463727
rang,536583
ranger,283503
rapide,1217581
rapidement,1602774
rapidos,3068
rappeler,1838959
rapport,3504479
rapporter,677365
rapprocher,475663
rare,918177
rarement,359341
rassembler,497534
rassurant,87788
rassurer,450321
rater,305928
rationnel,105146
rationnellement,8394
rattacher,162646
rattraper,227129
ravir,302963
rebelle,92304
recette,609855
recevoir,2838451
recherche,3448337
rechercher,878913
recommander,629026
recommencer,260604
reconnaître,1957993
recourir,153771
recouvrer|recouvrir,146766
recouvrir,213905
recruter,261725
recueillir,366427
reculer,279782
reculons,9761
redonner,190136
redoutable,122542
redoutablement,3153
redresser,172682
refaire,447859
refermer,166456
refléter,242122
refuser,1157693
regard,1815743
regarder,3389791
regretter,415639
regrouper,454370
rejeter,413164
rejoindre,1188825
relancer,209985
relatif,819101
relation,1883556
relativement,449359
relax,3665
relaxe,2885
relever,1177551
relier,433405
religieusement,12349
religieux,720698
religion,754247
relire,180601
remarquable,342507
remarquablement,29913
remarquer,1122296
rembourser,254961
remercier,627420
remettre,1565062
remonter,697671
remplacer,910590
remplir,1071271
remporter,490636
rencontre,1712472
rencontrer,1870222
rendez-vous,669172
rendre,4963985
renforcer,776519
renoncer,271152
renouvelable,159015
renouveler,284534
renseignement,610375
renseigner,261487
rentable,151275
rentrer,1209097
renverser,167305
renvoyer,420691
repartir,444918
repas,724741
reporter,189209
reposer,719958
repousser,266926
reprendre,1918062
reprise,672056
reprocher,254177
reproduire,292060
représentant,623288
représentatif,139259
représentation,512938
représenter,1940247
repérer,279022
requérir,356931
respect,912089
respecter,1140396
respectif,216954
respectivement,195999
respectueusement,12466
respectueux,137082
respiratoire,112734
respirer,239940
responsabilité,998465
responsable,1536005
ressembler,759845
ressentir,692665
ressortir,186266
ressortir|ressortir,167513
ressource,1170851
restant,85528
restaurant,574197
restaurer,227836
reste,1267460
rester,6264527
restreindre,196918
retard,505848
retenir,948714
retirer,771887
retomber,149089
retour,1939674
retourner,1191262
retraite,631206
retrouver,3298530
revanche,553735
revendiquer,191741
revenir,2723168
revenu,807453
revoir,690149
revêtir,152112
riche,860665
richement,21567
richesse,524154
ridicule,187639
ridiculement,9191
rien,20634294487066
rigide,89057
rigoler,203495
rigoureusement,35646
rigoureux,138681
rire,782585
risque,1937166
risquer,1035442
rituellement,2576
robe,856612
robuste,100028
roi,1126015
romain,295508
roman,664850
romantique,160168
rompre,229030
rond,322043
rondement,7075
rose,337785
rouge,1326851
rouler,477217
route,1785394
routier,213360
royal,355970
royalement,23432
rude,114978
rudement,11825
rue,1677819
rural,327030
russe,349626
rythme,631615
règlement,570780
règle|règles,947234
réaction,761470
réagir,499469
réalisation,860360
réaliser,2789687
réaliste,194248
réalité,1503570
récemment,585408
récent,795549
réciproquement,26228
récit,514502
réclamer,401194
récolter,175599
récompenser,201043
récupérer,639412
récurrent,107595
rédiger,332217
réduction,597658
réduire,1466396
réel,1843567
réellement,765502
réflexion,812346
réfléchir,703982
réforme,623503
réfugier,289497
référence,927744
référer,178945
régime,1131696
région,2487866
régional,894403
régir,156004
réglementaire,151756
réglementairement,2389
régler,562199
régner,271280
régulier,491403
régulièrement,658140
réjouir,222160
rénover,146059
répandre,320515
réparer,230302
répartir,293540
répondre,2958504
réponse,2136066
républicain,184409
république,749697
réputer,179980
répéter,537492
réseau,1879610
réserve,554406
réserver,814176
résidentiel,96360
résider,325221
résistance,550122
résistant,104581
résister,431668
résolument,77128
résoudre,521134
résultat,2681289
résulter,328651
résumer,459738
rétablir,203180
rétroactivement,3653
rétrospectivement,7524
réunion,850946
réunir,847953
réussir,1570126
réussite,479192
réveiller,491435
révolution,627597
révolutionnaire,224334
révéler,987097
rêve,848304
rêver,565232
rôle,1819988
s,1528997141367
sac,845469
sacrifier,183494
sacré,348467
sacrément,24426
sage,218173
sagement,41661
sain,339281
sainement,12047
saint,643266
saisir,732858
saison,1581258
salaire,629683
salarial,107748
salarié,613616
sale,228572
salement,5658
salle,2029583
salon,680685
salope,106502
saluer,335304
salut,564662
samedi,1075222
sang,1130185
sanglant,85084
sanguin,149914
sanitaire,227888
santé,1961098
satisfaire,671928
satisfaisant,143966
sauf,106517
sauter,501646
sauvage,382324
sauvagement,35883
sauver,760085
sauvette,5399
savamment,22394
savant,105656
savoir,62193211830057
scandaleusement,4568
schématiquement,6523
sciemment,22662
science,958858
scientifique,1007545
scientifiquement,31084
scolaire,752629
scrupuleusement,23942
scène,1595236
sec,358196
secondaire,475649
secondairement,4866
secondement,2488
second|seconde,522590
secouer,210509
secret,493053405250
secrètement,34847
secteur,1603525
section,764939
secundo,6027
sein,1919639
semaine,3238362
semblable,361752
semblablement,3132
sembler,4130050
semer,147666
sensible,517251
sensiblement,100607
sensuellement,13942
sentiment,1051457
sentimentalement,3316
sentir,2701338
sen|sens,2648046
septembre,1406444
serein,97214
sereinement,35649
serrer,425892
serveur,671239
service,5216593
servir,2581166
seul,10278115958064
seulement,3287227
sexe,660204
sexuel,550225
sexuellement,36158
sexy,217844
si,4261795
sic,60993
signaler,523988
signe,1034316
signer,946468
significatif,345133
significativement,48736
signifier,964799
silence,619351
silencieusement,34839
silencieux,180487
similaire,366420
simple,2931015
simplement,2342232
simplifier,184869
simultanément,124599
sincère,177141
sincèrement,118973
singulier,133083
singulièrement,30930
site,7580459
situation,2798864
situer,1714378
sitôt,39090
siècle,1850796
siège,612704
sobre,92415
sobrement,10958
social,3359741
socialement,56447
socialiste,320954
sociologiquement,3114
société,3332829
soi-même,169628
soigner,358597
soigneusement,139214
soin,1457338
soir,2071191
soirée,1144055
soit,202350
sol,1313709
solaire,444645
soldat,566411
soleil,1109697
solennellement,21964
solidaire,170256
solide,490420
solidement,44484
solitaire,111055
solliciter,253912
solution,2084596
sombre,454258
sommairement,12869
somme,685900
sommer|être,2292370
sommet,487995
somptueusement,2957
son,1454668
songer,200900
sonner,286214
sonore,270257
sort,528916
sorte,1978247
sortie,1187488
sortir,3654922
sottement,2820
souci,742900
soucieux,114857
soudain,109785263973
soudainement,111490
souffler,239631
souffrir,862488
souhaitable,92603
souhaiter,2379771
soulager,219611
soulever,362823
souligner,885414
soumettre,861730
soupirer,192563
souple,184737
souplement,4259
source,1706749
sourd,112833
sourdement,2991
souriant,85972
sourire,997704822376
sournoisement,8653
sous-main,2350
soutenir,1350786
souterrain,112953
soutien,1012227
souvenir,781747767494
souvent,4120659
souverain,113168
souverainement,8182
soviétique,130023
spatial,167980
spectacle,860861
spectaculaire,178842
spirituel,468249
spirituellement,21905
splendide,107567
spontané,100656
spontanément,67813
sporadiquement,4128
sport,924184
sportif,630818
sportivement,8996
spécial,1015233
spécialement,304882
spécialiser,725180
spécialiste,639807
spécifique,824222
spécifiquement,118445
stable,240353
stade,595326
stage,558626
standard,208465
station,566412
statistique,123295
statistiquement,22675
statut,674570
stimuler,210116
stocker,198525
stopper,165284
stratégie,996615
stratégique,378414
stratégiquement,11004
strict,201161
strictement,155690
structure,1128723
structurel,90069
structurellement,8673
structurer,158380
stupide,180928
stupidement,8869
style,1267861
subir,738943
subit,114020
subitement,64295
subjectif,90913
subjectivement,4142
sublime,120053
subrepticement,7371
substantiellement,10288
subséquemment,3264
subtil,162362
subtilement,22812
successif,145055
successivement,77271
succinctement,6699
succès,1222863
succéder,217082
sucer,282160
sud,524900153070
suffire,1357365
suffisamment,432272
suffisant,390038
suggérer,380035
suisse,257841
suite,3799871
suivant,1255510
suivre,4214786
suivre|être,8609860
sujet,2782101446978
super,1053900
superbe,544482
superbement,28239
superficiellement,6090
supplémentaire,889773
support,658933
supporter,565798
supposer,664229
supprimer,556652
supra,6946
suprême,169419
supérieur,1214051
sur-le-champ,13334
surface,887694
surgir,152264
surmonter,176038
surprenant,202651
surprendre,843206
surprise,550018
surtout,3859894
surveiller,337574
survenir,289135
survivre,333068
sus,51296
susceptible,431260
susciter,373115
suspect,95841
suspendre,260677
symbolique,184855
symboliquement,25256
sympa,481730
sympathique,276162
symétriquement,4136
syndical,270464
synonyme,92656
synthétique,96195
système,3743569
systématique,148268
systématiquement,176205
sèche,161080
sèchement,15498
séance,721594
sécher,162838
sécuriser,247261
sécuritaire,119362
sécurité,1965731
séduire,265057
séjour,631878
sélection,591946
sélectionner,587193
sélectivement,3288
sénégalais,84819
séparer,696757
séparément,62178
série,1584490
sérieusement,282140
sérieux,617977
sévère,206062
sévèrement,48794
sûr,2171838
sûrement,429064
sœur,924705
t,658892
table,1280192
tableau,886786
tacitement,6046
tactile,91375
tactique,92684
tactiquement,5415
taille,1210568
tailler,189970
taire,444459
talent,597795
tant,3670410
tantôt,162789
taper,412908
tard,1797604
tarder,259009
tardif,111802
tardivement,37201
tarif,508696
tau|taux,1247310
technique,9084181605650
techniquement,77578
technologie,1077852
technologique,300892
technologiquement,7494
tellement,1291010
temporaire,206691
temporairement,56866
temporel,93713
temps,10851597
température,605074
tendance,1101046
tendre,705724241307
tendrement,51838
tenir,4304173
tenter,1666137
ter,19106
terme,2525820
terminal,96106
terminer,1362419
terrain,1379426
terre,2355647
terrestre,220982
terrible,395012
terriblement,99891
territoire,1082625
territorial,274294
territorialement,3455
terroriste,120504
tertio,3204
test,906903
tester,586722
texte,2191796
texto,16553
textuellement,5368
the,135146086767
thermique,182401
thermiquement,2411
thème,1080858
thématique,118355
théorie,574338
théorique,212559
théoriquement,46013
thérapeutique,167145
théâtre,539602
timide,144594
timidement,31794
tirer,1553502
titre,2476238
titulaire,152408
to,529831
tomber,2033505
ton,507197
total,1089175
totalement,970120
toucher,1435748
toujours,7958198
tour,2431289
touristique,287163
tournemain,2428
tourner,1759931
tout,138285314858785
toute,99832
toutefois,1153741
toxique,122890
trace,489856
tracer,185493
tradition,629229
traditionnel,874711
traditionnellement,78228
traduire,610987
tragique,132146
tragiquement,8753
trahir,169124
train,1309928
traitement,1684874
traiter,1246323
trancher,171995
tranquille,304855
tranquillement,219696
transfert,514830
transformer,922463
transférer,237289
transmettre,641430
transparent,186790
transport,954375
transporter,340628
transversalement,2756
travail,6286630
travailler,2830818
travailleur,576392
travers,1973848
traverser,689529
traîner,180326
tre,265369
trembler,162993
tres,533916
trimestriellement,2395
triomphalement,4955
triple,113441
triplement,3018
triste,455991
tristement,34072
troisièmement,19739
tromper,517402
trop,5942528
tropical,111786
trou,505140
troubler,148696
troupe,480790
trouver,10287639
truc,1041599
très,14230017
trés,223992
tue-tête,6464
tuer,1244666
tunisien,148587
type,2979176
typer,153637
typique,202569
typiquement,104875
tâche,706213
tâtons,6113
télécharger,243352
téléphone,890207
téléphonique,220837
télévision,562834
témoignage,503362
témoigner,421601
tête,3279699
tête-à-tête,3727
tôt,712236
ultime,235794
ultimement,6266
ultra,115787
ultérieur,99103
ultérieurement,57746
un,4465174
unanimement,24653
uniformément,16780
unilatéralement,13856
union,921643
unique,1382947
uniquement,817131
unir,396271
unité,998565
univers,713079
universel,350954
universellement,16831
universitaire,356626
université,1061513
urbain,486017
urgemment,2887
urgence,528787
urgent,164181
usage,974356
user,351864
usuellement,3128
utile,973439
utilement,19799
utilisable,85834
utilisateur,834996196792
utilisation,1647348
utiliser,6361611
va-vite,7988
vacance,1046232
vachement,58725
vague,133931
vaguement,62362
vaillamment,8859
vain,214172
vaincre,244103
vainement,28756
valable,233037
valablement,11174
valeur,2424484
valide,95128
valider,302075
valoir,1301056
valoriser,168551
variable,338893
varier,545735
varié,195474
vaste,494974
veiller,397984
vendre,1379422
vendredi,918882
venir,9000112
vent,841617
vente,1611659
verbal,110580
verbalement,16338
verre,714931
versa,27610
verser,505215
version,1632285
vert,951838
vertement,6701
vertical,146786
verticalement,21431
vice,66168
vice-versa,19839
victime,1015334
victoire,927626
victorieusement,6143
vide,452940
video,105763
vider,243980
vidéo,1014321690990
vie,7524102
vierge,121915
vieux,1343134
vif,598317
vigoureusement,31672
village,1320199
ville,3681787
vin,720526
violemment,98153
violence,793487
violent,420008
violer,154282
virer,199430
virtuel,414558
virtuellement,23256
vis-à-vis,205385
visage,1320101
viscéralement,4000
viser,1195652
visible,450126
visiblement,239875
vision,840658
visite,1260304
visiter,795973
visiteur,661528
visuel,283870
visuellement,32594
vital,236170
vite,1929274
vitesse,947945
vivant,358458
vivement,244483
vivo,13451
vivre,4030791
vocal,129197
vocalement,4807
voici,1264081
voie,1370783
voiler,664449
voilà,1588462
voir,15856147
voire,843519
voisin,272245
voiture,1610966
voix,1612178
vol,685464
voler,565692
volontaire,256016
volontairement,135737
volontiers,137648
volonté,1045824
volume,623522
voracement,2559
vote,595944
voter,667204
vouloir,10727162
voyage,1471017
voyager,347147
vrac,5044
vrai,3519980
vraiment,4914118
vraisemblablement,100358
vue,2342424
vulgairement,6637
vulnérable,108354
végétal,183089
véhicule,902948
vérifier,836828
véritable,1397972
véritablement,219487
vérité,994970
vêtement,627954
web,1650420
x,520213353089
xD,117511
ya,938371
zone,1755209
État,659189
âge,1350981
âgé,564223
âme,982680
âprement,6435
çà,224880
ème,1003583637066
ère,487000
é,233359
écarter,339496
échange,928132
échanger,453619
échapper,653566
échelle,529081
échouer,210865
éclairer,400561
éclater,328057
école,2214227
écologique,296487
écologiquement,9799
économie,1184823
économique,1864612
économiquement,49188
économiser,190761
écouler,197441
écouter,1066949
écran,931593
écraser,257019
écrire,3152167
écriture,630828
éditer,231474
édition,1032253
éducatif,259502
éducation,871438
égal,428710
également,5327853
égard,754469
église,759683
égoïstement,4264
égyptien,134754
élaborer,424535
élargir,265575
élection,935987
électoral,389997
électoralement,2792
électrique,692268
électriquement,7056
électronique,530932
électroniquement,7930
élever,1593514
éliminer,429293
élire,487608
éloigner,548263
élève,1505353
élégamment,10247
élégant,206577
élément,1870244
élémentaire,146524
émergent,104525
émerger,158686
émettre,382329
éminemment,25686
émission,778201
émotion,558397
émotionnel,119483
énergie,1586938
énergiquement,19922
énergétique,309468
énergétiquement,3304
énerver,228519
énorme,770886
énormément,285230
épais,217744
épargner,173697
éperdument,14600
épisode,565969
épisodiquement,4121
époque,1615420
épouser,193434
épreuve,617400
éprouver,352114
épuiser,199520
équilibrer,233977
équipe,3105883
équipement,712499
équiper,559192
équitable,149493
équitablement,15005
équivalent,169264
établir,1382066
établissement,1194392
étaler,183727
étape,1071063
état,2424670
éteindre,251495
étendre,688288
éternel,259239
éternellement,49689
éthique,120292
étoile,495193
étonnamment,41566
étonnant,346317
étonner,490518
étrange,518043
étrangement,86131
étranger,1302182
étroit,305422
étroitement,86774
étude,2571258
étudiant,970277186024
étudier,821708
étymologiquement,4392
été,1024612
évaluation,729317
évaluer,552985
éveiller,171636
éventuel,413888
éventuellement,457532
évidemment,764005
évident,618577
éviter,1783139
évoluer,718922
évolution,1054639
évoquer,805058
événement,1600250
être,906157233775372
île,837656
œil,3715084
œuvre,2278057
œuvrer,177970
